keyword,language,topic,topicColor,keywordColor,limitPages,ratioNew
'Sturmflut',de,Hazard,#4287f5,#638ed4,1,0.1174966322844938
'Sturmflut Nordsee',de,Hazard,#4287f5,#638ed4,1,0.0490537045226771
'Sturmflut Klimawandel',de,Causes,#679e2c,#477515,1,0.0098075538841477
'Sturmflut Schäden',de,Impacts,#a89216,#87830f,1,0.0092318655390273
'Sturmflut Küstenschutz',de,Mitigation,#9e3215,#b55035,1,0.0016967927868245
'Sturmflut Wellen',de,Impacts,#a89216,#a89216,1,0.0016853415810641
'Sturmflut Ostsee',de,Hazard,#4287f5,#638ed4,1,0.0016186602938765
'Sturmflut Folgen',de,Impacts,#a89216,#a89216,1,0.0014792200133797
'Sturmflut Hochwasser',de,Impacts,#a89216,#a89216,1,0.0014451863825495
'Sturmflut Starkregen',de,Causes,#679e2c,#477515,1,0.0014267650883465
'Sturmflut Verletzte',de,Impacts,#a89216,#87830f,1,0.001424316417409
'Sturmflut Warnung',de,Mitigation,#9e3215,#802d16,1,0.0014103031792276
'Sturmflut Tote',de,Impacts,#a89216,#87830f,1,0.001335215174425
'Sturmflut Pegel',de,Hazard,#4287f5,#3b4a63,1,0.0012821607621844
'Sturmflut Sturmböen',de,Causes,#679e2c,#61b00c,1,0.0012312002300598
'Sturmflut Hurrikan',de,Causes,#679e2c,#679e2c,1,0.0012217569916808
'Sturmflut Fährausfälle',de,Impacts,#a89216,#a89216,1,0.0011979867770109
'Sturmflut Tief',de,Causes,#679e2c,#7db344,1,0.00119615453734
'Sturmflut Überflutung',de,Impacts,#a89216,#a89216,1,0.0010628045513467
'Sturmflut Sturmtief',de,Causes,#679e2c,#7db344,1,0.0010502458643339
'Sturmflut Deiche',de,Mitigation,#9e3215,#802d16,1,0.0010291832441501
'Sturmflut Rettungskräfte',de,Mitigation,#9e3215,#9e3215,1,0.0009712716946437
'Sturmflut Sand',de,Impacts,#a89216,#a89216,1,0.0005779840461715
'Sturmflut Zerstörung',de,Impacts,#a89216,#a89216,1,0.0003870888329401
'Sturmflut Sperrwerk',de,Mitigation,#9e3215,#9e3215,1,0.0001353632340975
'Sturmflut Einsatzkräfte',de,Mitigation,#9e3215,#d64118,1,0.000107738048242
'Sturmflut Sandsäcke',de,Mitigation,#9e3215,#b55035,1,0.0001041755549092
'Sturmflut Fährverbindung',de,Impacts,#a89216,#a89216,1,2.43121568357272e-05
'Sturmflut Evakuierung',de,Mitigation,#9e3215,#802d16,1,1.4900118462842573e-05
'Sturmflut Wiederaufbau',de,Mitigation,#9e3215,#802d16,1,1.4030748952949834e-05
'Sturmflut Springflut',de,Causes,#679e2c,#7db344,1,5.996922149788833e-06
'Sturmflut Sturmschäden',de,Impacts,#a89216,#a89216,1,1.4439143919643905e-06
