,phrase,label,sentiment,subjectivity,language,count
Sturmflut,,,,,,
Deutschland,,,,,,
Nordseeküste,,,,,,
Hamburg,,,,,,
Elbe,,,,,,
Nordsee,,,,,,
Ostsee,,,,,,
Deutschlands,,,,,,
Flensburg,,,,,,
Norwegen,,,,,,
Niedersachsen,,,,,,
Küste,,,,,,
Norderney,,,,,,
…,,,,,,
Wellington,,,,,,
Niederlanden,,,,,,
Weser,,,,,,
Ems,,,,,,
Europas,,,,,,
Schleswig-Holstein,,,,,,
Neuseelands,,,,,,
Ostseeküste,,,,,,
Orkanböen,,,,,,
Nord-,,,,,,
Sturmböen,,,,,,
Bahamas,,,,,,
Sachsen,,,,,,
Sylt,,,,,,
Großbritannien,,,,,,
Fischmarkt,,,,,,
Bremen,,,,,,
Helgoland,,,,,,
Sturmflut-Warnung,,,,,,
Jamaika,,,,,,
Ostseesturmflut,,,,,,
Aidaperla,,,,,,
Neuseeland,,,,,,
Wettertechnisch,,,,,,
Kuba,,,,,,
Sturm,,,,,,
Europa,,,,,,
Fährausfälle,,,,,,
Rostock,,,,,,
Frankreich,,,,,,
Travemünde,,,,,,
Brocken,,,,,,
Inseln,,,,,,
Detlef,,,,,,
Sturmtief,,,,,,
niedersächsischen Küste,,,,,,
Kieler Bucht,,,,,,
Hamburger Museum,,,,,,
Sturmflut-Katastrophe,,,,,,
Atlantik,,,,,,
Schleswig-Holsteins,,,,,,
Florida,,,,,,
Nordsee Sturmflut,,,,,,
St. Pauli,,,,,,
Ferienorten,,,,,,
Häfen,,,,,,
Millionen-Schäden,,,,,,
Kiel,,,,,,
Timmendorfer Strand,,,,,,
Ostseeflut,,,,,,
Hochwasser,,,,,,
Stromausfälle,,,,,,
Bäume,,,,,,
Campingplatz,,,,,,
Teile Süddeutschlands,,,,,,
Promenaden,,,,,,
Bundesamt,,,,,,
Kiel/Hamburg,,,,,,
Norddeutschland,,,,,,
Ostfriesischen Inseln,,,,,,
Bayern,,,,,,
Landes,,,,,,
Rungholt,,,,,,
Joshua,,,,,,
“,,,,,,
lno,,,,,,
Sturmflutsaison,,,,,,
Wilhelmsburg,,,,,,
Lignano,,,,,,
Baden-Württemberg,,,,,,
Haiti,,,,,,
Karibik,,,,,,
Freihafenelbbrücke,,,,,,
Melissa,,,,,,
Land,,,,,,
Jamaica,,,,,,
US-Präsident,,,,,,
Mecklenburg-Vorpommern,,,,,,
Stundenkilometern,,,,,,
Böen,,,,,,
Philippinen,,,,,,
Sturmtief Joshua,,,,,,
Strandkörben,,,,,,
Wangerooge,,,,,,
Borkum,,,,,,
Jahrhundertsturm,,,,,,
Überflutungen,,,,,,
Landfall,,,,,,
Katastrophengebiet,,,,,,
Sturmflut-Überlebenden,,,,,,
nordfriesischen Küste,,,,,,
Sätzen,,,,,,
Ärmelkanal,,,,,,
Nordsee-Fähren,,,,,,
Nordfriesland,,,,,,
Irawan,,,,,,
Nordmeer,,,,,,
Dagebüll,,,,,,
Bretagne,,,,,,
St. Pauli-Fischmarkt,,,,,,
Halligen,,,,,,
Sturmtief „Joshua“,,,,,,
Wilhelmshaven,,,,,,
Elbe Sturmflut-Niveau,,,,,,
Gaza,,,,,,
d…,,,,,,
Fischmarkt Wasser,,,,,,
Lücke im Versicherungskonzept,,,,,,
ostfriesische Küste,,,,,,
Gazastreifen,,,,,,
Winter-Sturmflut,,,,,,
Langzeit-Planungen,,,,,,
Husum,,,,,,
Nordsee-Inseln,,,,,,
Museum Elbinsel Wilhelmsburg,,,,,,
Ges…,,,,,,
Sandstrände,,,,,,
Pineta,,,,,,
Freitagmorgen,,,,,,
Owhiro Bay,,,,,,
Gazastreifens,,,,,,
Island Bay,,,,,,
Nordseestränden,,,,,,
Notstand,,,,,,
Windböen,,,,,,
Flutkatastrophe im Ahrtal,,,,,,
Berichtsdeutsch,,,,,,
Wattenmeer,,,,,,
stahlblau,,,,,,
Sturm“,,,,,,
Mecklenburg-Vorpommerns Küste,,,,,,
Wasserstand,,,,,,
Backhaus,,,,,,
Israels,,,,,,
Wetter-Ausnahmezustand,,,,,,
Wilhelmshaven/Husum,,,,,,
Tag,,,,,,
ostfriesischen Inseln,,,,,,
Schnee,,,,,,
Glätte-Unfälle,,,,,,
Live-Karten,,,,,,
Meteorologischen Institu,,,,,,
Kaikante,,,,,,
A7,,,,,,
Ostsee-Sturmflut,,,,,,
Emden,,,,,,
Sachsen ++ Niedersachsen,,,,,,
Sturm-Alarm,,,,,,
Sachsen ++ Sturmflut-Alarm,,,,,,
Schattenflotte,,,,,,
Nordsee-Küste,,,,,,
meterhoch im Meer,,,,,,
Land“,,,,,,
Frauke Brosius-Gersdorf,,,,,,
Union,,,,,,
Hamburg-Wilhelmsburg,,,,,,
Wohnungsbaupläne,,,,,,
Wilden Wald,,,,,,
Elbinsel,,,,,,
Wilden Waldes,,,,,,
Pakistan,,,,,,
Indien,,,,,,
Himalaya-Raum,,,,,,
Bundesamtes für Seeschifffahrt und Hydrographie,,,,,,
Große Halligflut,,,,,,
Sturmflut-Folgen,,,,,,
Westküste,,,,,,
Insel La…,,,,,,
Sturmböen durcheinandergewirbelt,,,,,,
Sandverluste,,,,,,
Orkanartige Böen,,,,,,
Widerstand,,,,,,
Sturmflut-Moment,,,,,,
Langeneß,,,,,,
Behördenang…,,,,,,
Schönhagen,,,,,,
Naturgefahrenportal,,,,,,
Internetportal,,,,,,
Naturgefahren,,,,,,
Hooge,,,,,,
Biel,,,,,,
Clermont,,,,,,
Lustenau,,,,,,
Konsequenzen,,,,,,
Österreich,,,,,,
Zürcher Goldküste,,,,,,
Monaten,,,,,,
Texas Sturmflut,,,,,,
Sturzflut,,,,,,
Texas,,,,,,
Hill Country,,,,,,
Kerr County,,,,,,
Hochwassern,,,,,,
deutschen Küste,,,,,,
Deiche,,,,,,
Sturmtief Bäume,,,,,,
Harz,,,,,,
Nordseeinseln,,,,,,
Nebel,,,,,,
ru…,,,,,,
Schwarzwald,,,,,,
Verkehrsbehinderungen,,,,,,
Norddeutschlands,,,,,,
Gedser,,,,,,
Dänemark,,,,,,
Meck…,,,,,,
Dauereinsatz,,,,,,
Sturmtief Detlef,,,,,,
D…,,,,,,
Fähranleger Dagebüll,,,,,,
Bernd,,,,,,
Bestehens,,,,,,
Baustelle,,,,,,
Elb-Pegel St. Pauli,,,,,,
Hamburger Elbe,,,,,,
Sturmflut-Gefahr,,,,,,
Hes…,,,,,,
Unterwarnow,,,,,,
Erliegen,,,,,,
Irland,,,,,,
Dreierpack,,,,,,
Warnemünde,,,,,,
Rügen,,,,,,
Sperrwerk Greifswald,,,,,,
Sperrwerk,,,,,,
Sturmflutwarnung,,,,,,
Rügens,,,,,,
Einschränkun…,,,,,,
Halunder Jet,,,,,,
Berlin,,,,,,
Republik,,,,,,
Unfälle,,,,,,
Regen,,,,,,
Südschwarzwald,,,,,,
Neuhardenberg,,,,,,
