,phrase,label,sentiment,subjectivity,language,count,gnd,geonames,geotype,latitude,longitude,continent,country,ipcc
Sturmflut,Sturmflut,LOC,-0.17829457,0.05167959,de,38.70000000,,-1,,,,,,
Nordseeküste,Nordseeküste,LOC,-0.05241090,0.00000000,de,31.80000000,,-1,,,,,,
Deutschland,Deutschland,LOC,-0.19409283,0.04219409,de,23.70000000,,-1,,,,,,
Elbe,Elbe,LOC,-0.08944954,0.18348624,de,21.80000000,,-1,,,,,,
Hamburg,Hamburg,LOC,-0.10815603,0.00000000,de,18.80000000,,-1,,,,,,
Nordsee,Nordsee,LOC,-0.41139241,0.12658228,de,15.80000000,,-1,,,,,,
Deutschlands,Deutschlands,LOC,-0.13841808,0.08474576,de,11.80000000,,-1,,,,,,
Norwegen,Norwegen,LOC,-0.06363636,0.00000000,de,11.00000000,,-1,,,,,,
Norderney,Norderney,LOC,-0.07865169,0.11235955,de,8.90000000,,-1,,,,,,
Ostsee,Ostsee,LOC,-0.21250000,0.00000000,de,8.00000000,,-1,,,,,,
Küste,Küste,LOC,0.09090909,0.51948052,de,7.70000000,,-1,,,,,,
Europas,Europas,LOC,-0.04285714,0.00000000,de,7.00000000,,-1,,,,,,
Ems,Ems,LOC,-0.26428571,0.00000000,de,7.00000000,,-1,,,,,,
Niederlanden,Niederlanden,LOC,0.00000000,0.00000000,de,7.00000000,,-1,,,,,,
Weser,Weser,LOC,-0.26428571,0.00000000,de,7.00000000,,-1,,,,,,
…,…,LOC,0.00000000,0.00000000,de,6.90000000,,-1,,,,,,
Niedersachsen,Niedersachsen,LOC,0.41666667,0.00000000,de,6.00000000,,-1,,,,,,
Orkanböen,Orkanböen,LOC,-0.33333333,0.00000000,de,6.00000000,,-1,,,,,,
Nord-,Nord-,LOC,0.11666667,0.00000000,de,6.00000000,,-1,,,,,,
Sturmböen,Sturmböen,LOC,-0.05084746,0.00000000,de,5.90000000,,-1,,,,,,
Bahamas,Bahamas,LOC,-1.74545455,0.00000000,de,5.50000000,,-1,,,,,,
Sylt,Sylt,LOC,-0.06410256,0.00000000,de,5.20000000,,-1,,,,,,
Fischmarkt,Fischmarkt,LOC,-0.14000000,0.00000000,de,5.00000000,,-1,,,,,,
Großbritannien,Großbritannien,LOC,0.00000000,0.00000000,de,5.00000000,,-1,,,,,,
Jamaika,Jamaika,LOC,-0.34146341,0.00000000,de,4.10000000,,-1,,,,,,
Bremen,Bremen,LOC,0.10000000,0.00000000,de,4.00000000,,-1,,,,,,
Aidaperla,Aidaperla,LOC,-0.17500000,0.00000000,de,4.00000000,,-1,,,,,,
Ostseesturmflut,Ostseesturmflut,LOC,0.00000000,0.00000000,de,4.00000000,,-1,,,,,,
Kuba,Kuba,LOC,-0.40000000,0.00000000,de,3.50000000,,-1,,,,,,
Ostseeküste,Ostseeküste,LOC,-0.46666667,0.00000000,de,3.00000000,,-1,,,,,,
Sturm,Sturm,LOC,0.46666667,0.00000000,de,3.00000000,,-1,,,,,,
Frankreich,Frankreich,LOC,-0.33333333,0.00000000,de,3.00000000,,-1,,,,,,
Brocken,Brocken,LOC,0.46666667,0.00000000,de,3.00000000,,-1,,,,,,
Detlef,Detlef,LOC,0.46666667,0.00000000,de,3.00000000,,-1,,,,,,
Rostock,Rostock,LOC,0.00000000,0.00000000,de,3.00000000,,-1,,,,,,
Inseln,Inseln,LOC,0.00000000,0.00000000,de,3.00000000,,-1,,,,,,
Fährausfälle,Fährausfälle,LOC,-0.66666667,0.00000000,de,3.00000000,,-1,,,,,,
Schleswig-Holstein,Schleswig-Holstein,LOC,0.35555556,0.00000000,de,3.00000000,,-1,,,,,,
Travemünde,Travemünde,LOC,0.00000000,0.00000000,de,3.00000000,,-1,,,,,,
Europa,Europa,LOC,0.00000000,0.00000000,de,3.00000000,,-1,,,,,,
Sturmtief,Sturmtief,LOC,0.24137931,0.00000000,de,2.90000000,,-1,,,,,,
niedersächsischen Küste,niedersächsischen Küste,LOC,-0.60714286,0.00000000,de,2.80000000,,-1,,,,,,
Atlantik,Atlantik,LOC,-2.04000000,0.00000000,de,2.50000000,,-1,,,,,,
Florida,Florida,LOC,-1.42857143,0.00000000,de,2.10000000,,-1,,,,,,
Bäume,Bäume,LOC,0.70000000,0.00000000,de,2.00000000,,-1,,,,,,
Flensburg,Flensburg,LOC,0.00000000,0.00000000,de,2.00000000,,-1,,,,,,
Ostseeflut,Ostseeflut,LOC,0.00000000,0.00000000,de,2.00000000,,-1,,,,,,
Nordsee Sturmflut,Nordsee Sturmflut,LOC,0.00000000,0.00000000,de,2.00000000,,-1,,,,,,
Campingplatz,Campingplatz,LOC,0.00000000,0.00000000,de,2.00000000,,-1,,,,,,
Schleswig-Holsteins,Schleswig-Holsteins,LOC,-0.70000000,0.00000000,de,2.00000000,,-1,,,,,,
Teile Süddeutschlands,Teile Süddeutschlands,LOC,0.35000000,0.00000000,de,2.00000000,,-1,,,,,,
Kiel,Kiel,LOC,-0.35000000,0.00000000,de,2.00000000,,-1,,,,,,
Timmendorfer Strand,Timmendorfer Strand,LOC,0.00000000,0.00000000,de,2.00000000,,-1,,,,,,
Bundesamt,Bundesamt,LOC,-0.35000000,0.00000000,de,2.00000000,,-1,,,,,,
Stromausfälle,Stromausfälle,LOC,0.00000000,0.00000000,de,2.00000000,,-1,,,,,,
Hochwasser,Hochwasser,LOC,-1.00000000,0.00000000,de,2.00000000,,-1,,,,,,
Promenaden,Promenaden,LOC,0.00000000,0.00000000,de,2.00000000,,-1,,,,,,
Millionen-Schäden,Millionen-Schäden,LOC,0.00000000,0.00000000,de,2.00000000,,-1,,,,,,
Kiel/Hamburg,Kiel/Hamburg,LOC,-0.16666667,0.00000000,de,2.00000000,,-1,,,,,,
Norddeutschland,Norddeutschland,LOC,-0.46666667,0.00000000,de,2.00000000,,-1,,,,,,
Ferienorten,Ferienorten,LOC,0.00000000,0.00000000,de,2.00000000,,-1,,,,,,
St. Pauli,St. Pauli,LOC,-0.35000000,0.00000000,de,2.00000000,,-1,,,,,,
Häfen,Häfen,LOC,0.00000000,0.00000000,de,2.00000000,,-1,,,,,,
Helgoland,Helgoland,LOC,0.00000000,0.00000000,de,2.00000000,,-1,,,,,,
Joshua,Joshua,LOC,-0.36842105,0.00000000,de,1.90000000,,-1,,,,,,
Baden-Württemberg,Baden-Württemberg,LOC,0.00000000,0.00000000,de,1.80000000,,-1,,,,,,
Haiti,Haiti,LOC,-0.82352941,0.00000000,de,1.70000000,,-1,,,,,,
Karibik,Karibik,LOC,-1.17647059,0.00000000,de,1.70000000,,-1,,,,,,
Melissa,Melissa,LOC,-1.25000000,0.00000000,de,1.60000000,,-1,,,,,,
Jamaica,Jamaica,LOC,0.00000000,0.00000000,de,1.40000000,,-1,,,,,,
Land,Land,LOC,0.00000000,0.00000000,de,1.40000000,,-1,,,,,,
US-Präsident,US-Präsident,LOC,0.00000000,0.00000000,de,1.30000000,,-1,,,,,,
Böen,Böen,LOC,-1.16666667,0.00000000,de,1.20000000,,-1,,,,,,
Philippinen,Philippinen,LOC,-0.58333333,0.00000000,de,1.20000000,,-1,,,,,,
Sturmtief Joshua,Sturmtief Joshua,LOC,-1.27272727,0.00000000,de,1.10000000,,-1,,,,,,
Südschwarzwald,Südschwarzwald,LOC,-1.00000000,0.00000000,de,1.00000000,,-1,,,,,,
Regen,Regen,LOC,0.00000000,0.00000000,de,1.00000000,,-1,,,,,,
Unfälle,Unfälle,LOC,0.00000000,0.00000000,de,1.00000000,,-1,,,,,,
Hes…,Hes…,LOC,0.00000000,0.00000000,de,1.00000000,,-1,,,,,,
Republik,Republik,LOC,0.00000000,0.00000000,de,1.00000000,,-1,,,,,,
Fischmarkt Wasser,Fischmarkt Wasser,LOC,0.00000000,0.00000000,de,1.00000000,,-1,,,,,,
Berlin,Berlin,LOC,-0.23333333,0.00000000,de,1.00000000,,-1,,,,,,
Halunder Jet,Halunder Jet,LOC,0.00000000,0.00000000,de,1.00000000,,-1,,,,,,
Einschränkun…,Einschränkun…,LOC,0.00000000,0.00000000,de,1.00000000,,-1,,,,,,
d…,d…,LOC,0.00000000,0.00000000,de,1.00000000,,-1,,,,,,
Sturmtief Bäume,Sturmtief Bäume,LOC,0.00000000,0.00000000,de,1.00000000,,-1,,,,,,
Katastrophengebiet,Katastrophengebiet,LOC,0.00000000,0.00000000,de,1.00000000,,-1,,,,,,
Landfall,Landfall,LOC,0.00000000,0.00000000,de,1.00000000,,-1,,,,,,
Überflutungen,Überflutungen,LOC,0.00000000,0.00000000,de,1.00000000,,-1,,,,,,
Jahrhundertsturm,Jahrhundertsturm,LOC,0.00000000,0.00000000,de,1.00000000,,-1,,,,,,
Elbe Sturmflut-Niveau,Elbe Sturmflut-Niveau,LOC,0.00000000,0.00000000,de,1.00000000,,-1,,,,,,
Nordseeinseln,Nordseeinseln,LOC,0.00000000,0.00000000,de,1.00000000,,-1,,,,,,
Elb-Pegel St. Pauli,Elb-Pegel St. Pauli,LOC,0.00000000,1.00000000,de,1.00000000,,-1,,,,,,
Meck…,Meck…,LOC,0.00000000,0.00000000,de,1.00000000,,-1,,,,,,
Irland,Irland,LOC,0.00000000,0.00000000,de,1.00000000,,-1,,,,,,
Deiche,Deiche,LOC,0.00000000,0.00000000,de,1.00000000,,-1,,,,,,
Irawan,Irawan,LOC,-0.70000000,0.00000000,de,1.00000000,,-1,,,,,,
Nordmeer,Nordmeer,LOC,-0.70000000,0.00000000,de,1.00000000,,-1,,,,,,
meterhoch im Meer,meterhoch im Meer,LOC,0.00000000,0.00000000,de,1.00000000,,-1,,,,,,
Bretagne,Bretagne,LOC,-0.70000000,0.00000000,de,1.00000000,,-1,,,,,,
D…,D…,LOC,0.00000000,0.00000000,de,1.00000000,,-1,,,,,,
Sturmtief Detlef,Sturmtief Detlef,LOC,0.00000000,0.00000000,de,1.00000000,,-1,,,,,,
Ärmelkanal,Ärmelkanal,LOC,-0.70000000,0.00000000,de,1.00000000,,-1,,,,,,
Dauereinsatz,Dauereinsatz,LOC,0.00000000,0.00000000,de,1.00000000,,-1,,,,,,
lno,lno,LOC,-0.33333333,0.00000000,de,1.00000000,,-1,,,,,,
St. Pauli-Fischmarkt,St. Pauli-Fischmarkt,LOC,0.00000000,0.00000000,de,1.00000000,,-1,,,,,,
Harz,Harz,LOC,0.00000000,0.00000000,de,1.00000000,,-1,,,,,,
Dänemark,Dänemark,LOC,-0.70000000,0.00000000,de,1.00000000,,-1,,,,,,
Gedser,Gedser,LOC,-0.70000000,0.00000000,de,1.00000000,,-1,,,,,,
Mecklenburg-Vorpommern,Mecklenburg-Vorpommern,LOC,-0.70000000,0.00000000,de,1.00000000,,-1,,,,,,
Norddeutschlands,Norddeutschlands,LOC,0.00000000,0.00000000,de,1.00000000,,-1,,,,,,
Sturmtief „Joshua“,Sturmtief „Joshua“,LOC,-0.70000000,0.00000000,de,1.00000000,,-1,,,,,,
Wilhelmshaven,Wilhelmshaven,LOC,-0.70000000,0.00000000,de,1.00000000,,-1,,,,,,
Schwarzwald,Schwarzwald,LOC,0.00000000,0.00000000,de,1.00000000,,-1,,,,,,
nordfriesischen Küste,nordfriesischen Küste,LOC,0.00000000,0.00000000,de,1.00000000,,-1,,,,,,
Nebel,Nebel,LOC,0.00000000,0.00000000,de,1.00000000,,-1,,,,,,
Landes,Landes,LOC,0.00000000,0.00000000,de,1.00000000,,-1,,,,,,
Bayern,Bayern,LOC,0.00000000,0.00000000,de,1.00000000,,-1,,,,,,
Dreierpack,Dreierpack,LOC,0.00000000,0.00000000,de,1.00000000,,-1,,,,,,
Wilden Waldes,Wilden Waldes,LOC,-2.00000000,0.00000000,de,1.00000000,,-1,,,,,,
Erliegen,Erliegen,LOC,0.00000000,0.00000000,de,1.00000000,,-1,,,,,,
Sperrwerk,Sperrwerk,LOC,0.00000000,0.00000000,de,1.00000000,,-1,,,,,,
Fähranleger Dagebüll,Fähranleger Dagebüll,LOC,0.00000000,0.00000000,de,1.00000000,,-1,,,,,,
“,“,LOC,0.00000000,0.00000000,de,1.00000000,,-1,,,,,,
Verkehrsbehinderungen,Verkehrsbehinderungen,LOC,0.00000000,0.00000000,de,1.00000000,,-1,,,,,,
ru…,ru…,LOC,-0.70000000,0.00000000,de,1.00000000,,-1,,,,,,
Hamburger Elbe,Hamburger Elbe,LOC,0.00000000,0.00000000,de,1.00000000,,-1,,,,,,
Rügens,Rügens,LOC,0.00000000,0.00000000,de,1.00000000,,-1,,,,,,
Sturmflutwarnung,Sturmflutwarnung,LOC,0.00000000,0.00000000,de,1.00000000,,-1,,,,,,
Sperrwerk Greifswald,Sperrwerk Greifswald,LOC,0.70000000,0.00000000,de,1.00000000,,-1,,,,,,
Baustelle,Baustelle,LOC,0.00000000,0.00000000,de,1.00000000,,-1,,,,,,
Rügen,Rügen,LOC,-2.00000000,0.00000000,de,1.00000000,,-1,,,,,,
Kieler Bucht,Kieler Bucht,LOC,0.00000000,0.00000000,de,1.00000000,,-1,,,,,,
Warnemünde,Warnemünde,LOC,0.70000000,0.00000000,de,1.00000000,,-1,,,,,,
Unterwarnow,Unterwarnow,LOC,0.70000000,0.00000000,de,1.00000000,,-1,,,,,,
Sturmflut-Gefahr,Sturmflut-Gefahr,LOC,0.00000000,0.00000000,de,1.00000000,,-1,,,,,,
deutschen Küste,deutschen Küste,LOC,0.70000000,0.00000000,de,1.00000000,,-1,,,,,,
Langeneß,Langeneß,LOC,0.00000000,0.00000000,de,1.00000000,,-1,,,,,,
Bernd,Bernd,LOC,0.00000000,0.00000000,de,1.00000000,,-1,,,,,,
Land“,Land“,LOC,0.00000000,0.00000000,de,1.00000000,,-1,,,,,,
Hochwassern,Hochwassern,LOC,0.00000000,0.00000000,de,1.00000000,,-1,,,,,,
ostfriesischen Inseln,ostfriesischen Inseln,LOC,0.00000000,0.00000000,de,1.00000000,,-1,,,,,,
Nordseestränden,Nordseestränden,LOC,0.00000000,0.00000000,de,1.00000000,,-1,,,,,,
Winter-Sturmflut,Winter-Sturmflut,LOC,-0.70000000,0.00000000,de,1.00000000,,-1,,,,,,
Freitagmorgen,Freitagmorgen,LOC,0.00000000,0.00000000,de,1.00000000,,-1,,,,,,
Nordsee-Inseln,Nordsee-Inseln,LOC,0.00000000,0.00000000,de,1.00000000,,-1,,,,,,
Husum,Husum,LOC,0.00000000,0.00000000,de,1.00000000,,-1,,,,,,
Sturm-Alarm,Sturm-Alarm,LOC,0.00000000,0.00000000,de,1.00000000,,-1,,,,,,
Ostsee-Sturmflut,Ostsee-Sturmflut,LOC,0.00000000,0.00000000,de,1.00000000,,-1,,,,,,
Borkum,Borkum,LOC,0.00000000,0.00000000,de,1.00000000,,-1,,,,,,
Nordsee-Küste,Nordsee-Küste,LOC,0.70000000,0.00000000,de,1.00000000,,-1,,,,,,
Wangerooge,Wangerooge,LOC,0.00000000,0.00000000,de,1.00000000,,-1,,,,,,
Strandkörben,Strandkörben,LOC,-1.00000000,0.00000000,de,1.00000000,,-1,,,,,,
Sätzen,Sätzen,LOC,-1.00000000,0.00000000,de,1.00000000,,-1,,,,,,
Halligen,Halligen,LOC,0.00000000,0.00000000,de,1.00000000,,-1,,,,,,
Dagebüll,Dagebüll,LOC,0.00000000,0.00000000,de,1.00000000,,-1,,,,,,
Nordfriesland,Nordfriesland,LOC,0.00000000,0.00000000,de,1.00000000,,-1,,,,,,
Nordsee-Fähren,Nordsee-Fähren,LOC,0.00000000,0.00000000,de,1.00000000,,-1,,,,,,
Sturmflutsaison,Sturmflutsaison,LOC,2.10000000,0.00000000,de,1.00000000,,-1,,,,,,
Sandverluste,Sandverluste,LOC,0.00000000,0.00000000,de,1.00000000,,-1,,,,,,
Orkanartige Böen,Orkanartige Böen,LOC,-0.70000000,0.00000000,de,1.00000000,,-1,,,,,,
Elbinsel,Elbinsel,LOC,-2.00000000,0.00000000,de,1.00000000,,-1,,,,,,
Sturmflut-Moment,Sturmflut-Moment,LOC,0.00000000,0.00000000,de,1.00000000,,-1,,,,,,
Frauke Brosius-Gersdorf,Frauke Brosius-Gersdorf,LOC,0.00000000,0.00000000,de,1.00000000,,-1,,,,,,
Widerstand,Widerstand,LOC,0.00000000,0.00000000,de,1.00000000,,-1,,,,,,
Union,Union,LOC,0.00000000,0.00000000,de,1.00000000,,-1,,,,,,
Hamburg-Wilhelmsburg,Hamburg-Wilhelmsburg,LOC,-1.00000000,0.00000000,de,1.00000000,,-1,,,,,,
Wohnungsbaupläne,Wohnungsbaupläne,LOC,-1.00000000,0.00000000,de,1.00000000,,-1,,,,,,
Wilden Wald,Wilden Wald,LOC,-1.00000000,0.00000000,de,1.00000000,,-1,,,,,,
Pakistan,Pakistan,LOC,0.00000000,1.00000000,de,1.00000000,,-1,,,,,,
Kerr County,Kerr County,LOC,-0.70000000,0.00000000,de,1.00000000,,-1,,,,,,
Indien,Indien,LOC,0.00000000,1.00000000,de,1.00000000,,-1,,,,,,
Himalaya-Raum,Himalaya-Raum,LOC,0.00000000,0.00000000,de,1.00000000,,-1,,,,,,
Bundesamtes für Seeschifffahrt und Hydrographie,Bundesamtes für Seeschifffahrt und Hydrographie,LOC,0.00000000,0.00000000,de,1.00000000,,-1,,,,,,
Sturmflut-Folgen,Sturmflut-Folgen,LOC,0.70000000,0.00000000,de,1.00000000,,-1,,,,,,
Westküste,Westküste,LOC,0.35000000,0.50000000,de,1.00000000,,-1,,,,,,
Insel La…,Insel La…,LOC,0.00000000,0.00000000,de,1.00000000,,-1,,,,,,
Sturmböen durcheinandergewirbelt,Sturmböen durcheinandergewirbelt,LOC,0.70000000,0.00000000,de,1.00000000,,-1,,,,,,
Behördenang…,Behördenang…,LOC,0.00000000,0.00000000,de,1.00000000,,-1,,,,,,
Hill Country,Hill Country,LOC,-0.35000000,0.50000000,de,1.00000000,,-1,,,,,,
Große Halligflut,Große Halligflut,LOC,0.70000000,0.00000000,de,1.00000000,,-1,,,,,,
Naturgefahren,Naturgefahren,LOC,-0.70000000,0.00000000,de,1.00000000,,-1,,,,,,
Monaten,Monaten,LOC,0.00000000,0.00000000,de,1.00000000,,-1,,,,,,
Konsequenzen,Konsequenzen,LOC,0.00000000,0.00000000,de,1.00000000,,-1,,,,,,
Schönhagen,Schönhagen,LOC,0.00000000,0.00000000,de,1.00000000,,-1,,,,,,
Sturmflut-Überlebenden,Sturmflut-Überlebenden,LOC,0.00000000,0.00000000,de,1.00000000,,-1,,,,,,
Bestehens,Bestehens,LOC,0.00000000,2.00000000,de,1.00000000,,-1,,,,,,
Naturgefahrenportal,Naturgefahrenportal,LOC,0.00000000,0.00000000,de,1.00000000,,-1,,,,,,
Internetportal,Internetportal,LOC,0.70000000,0.00000000,de,1.00000000,,-1,,,,,,
Hooge,Hooge,LOC,-2.00000000,0.00000000,de,1.00000000,,-1,,,,,,
Texas,Texas,LOC,-0.35000000,0.50000000,de,1.00000000,,-1,,,,,,
Biel,Biel,LOC,1.00000000,0.00000000,de,1.00000000,,-1,,,,,,
Clermont,Clermont,LOC,1.00000000,0.00000000,de,1.00000000,,-1,,,,,,
Lustenau,Lustenau,LOC,1.00000000,0.00000000,de,1.00000000,,-1,,,,,,
Österreich,Österreich,LOC,-1.00000000,0.00000000,de,1.00000000,,-1,,,,,,
Zürcher Goldküste,Zürcher Goldküste,LOC,0.00000000,0.00000000,de,1.00000000,,-1,,,,,,
Texas Sturmflut,Texas Sturmflut,LOC,0.00000000,0.00000000,de,1.00000000,,-1,,,,,,
Sturzflut,Sturzflut,LOC,-0.35000000,0.50000000,de,1.00000000,,-1,,,,,,
Stundenkilometern,Stundenkilometern,LOC,-0.70000000,0.00000000,de,1.00000000,,-1,,,,,,
